epoch,loss,lr,val_loss
0,0.0905497819185257,0.0005,0.036258257925510406
