epoch,loss,lr,val_loss
0,0.08935943245887756,0.0005,0.04658793658018112
1,0.040192943066358566,0.0005,0.03376934677362442
