epoch,train_gen_loss,val_gen_loss
1,1.0051732,0.9693161
2,1.2987088,0.53966963
3,1.8060613,0.45041063
4,3.6225615,2.734886
