epoch,train_gen_loss,val_gen_loss
1,0.27265042,0.09396427
2,0.12936305,0.09282881
3,0.10703887,0.07556821
4,0.093526915,0.06099243
